Currency,Mean Cond. Var (daily %²),Mean Cond. Vol (ann. %),Unconditional Var,Persistence (α+β),Half-life (days),Stability Rank,IV Weight
INR,0.15778863737737803,6.305770105157598,0.47597657580235336,1.1905489860800378,90.10093385081393,1,0.4666105732899237
CNY,0.18873550402538716,6.896473520169389,2.4494838730521993,1.3553719921440215,18.904307444559123,2,0.3901006698527199
ZAR,0.9888074339963302,15.78541964494689,0.9090173381823807,0.9833661262099054,2.224851478994386,3,0.07445923646400043
BRL,1.069684626220741,16.41829850525403,1.5667059600212696,1.0828936181635325,59.61011405138682,4,0.06882948930977789
RUB,2368641.2967714774,24431.48801826062,541.0002541070246,2.2616893653757324,3.4971158785406797,5,3.108357801818633e-08
