Currency,StdResid Mean,StdResid Std,LB(10) p  (z_t),LB(10) p  (z²_t),Leverage γ,Persistence (α+β),Half-life (days)
BRL,0.015211573303442857,1.0018909781448804,0.00011196202520197413,0.00029466849397830205,,1.0828936181635325,59.61011405138682
RUB,-0.031147891474362185,2.750250679496632,0.9999999987159169,0.9999999999999986,,2.2616893653757324,3.4971158785406797
INR,0.028226850307212392,1.0282263335414596,3.551676901442706e-05,0.19490158013828449,,1.1905489860800378,90.10093385081393
CNY,-0.014820362291731339,0.8061295699457619,0.00045197284449790035,0.0246624431010698,,1.3553719921440215,18.904307444559123
ZAR,0.015518909614369521,1.0658990088280922,0.10744725276213192,0.9999982195970791,,0.9833661262099054,2.224851478994386
