Currency,Mean (%),Std (%),Skewness,Ex.Kurtosis,JB p-value,ARCH-LM p,ARCH effect
BRL,0.030358354460401433,1.0377723334484192,0.20433590508550845,4.1854598288670735,0.0,2.2057408216413883e-26,YES ***
RUB,0.025716911622984593,9.073466500624878,0.14314166077695442,781.4423560694373,0.0,1.8384597411099313e-195,YES ***
INR,0.010730658305016984,0.3805043667631574,0.44975002531439806,6.099613265080174,0.0,1.1013370159744927e-57,YES ***
CNY,0.0024056850735073437,0.33026874266766076,-0.2495637741645122,7.38801877171584,0.0,1.3813945219955426e-81,YES ***
ZAR,0.014558420792005906,1.127863638354099,-0.006162537842861103,98.72861788935809,0.0,2.3339276729873282e-182,YES ***
